filename,text
series1_20231108_190046-min_jpg.rf.cabc5742c07054148df30747da864969_plate_0.jpg,64ق93612
series1_20231110_171415_jpg.rf.30cbb8cb1170816cacb6a472c109b037_plate_1.jpg,69ص89812
series1_20231113_172424_jpg.rf.3fc57bce5a010a29df164b6fc79400dd_plate_0.jpg,11@89312
series1_IMG_20231106_173333_jpg.rf.d81f4395b53aa1e7a26869abe7856032_plate_0.jpg,55س78182
series1_photo_2023-11-07_14-39-57_jpg.rf.24f7dccffdf0d804b6ca7b56c4b581ad_plate_0.jpg,93ج67252
series1_photo_2023-11-14_17-07-30_jpg.rf.a8a8e524c4c62c3506503780c1d1f0c1_plate_0.jpg,83ه86274
series1_photo_2023-11-14_17-09-49_jpg.rf.6051d39ee62c5f1350c229d52e88e922_plate_0.jpg,86ه23312
series2_102_jpg.rf.8cc21a7df157edd6fe6cec99616f048b_plate_0.jpg,12ن41513
series2_109_jpg.rf.6f2c2fbbf25915df90aa7350cfc7e585_plate_0.jpg,64ج93113
series2_110_jpg.rf.0951d39734a215ff895077ab8b41afc4_plate_0.jpg,52ن77813
series2_12_jpg.rf.bc3b703016cf8de722aac87e158d3017_plate_0.jpg,16ص97185
series2_136_jpg.rf.09ce9131e33447365edda133ccf1fc4f_plate_0.jpg,59ن83713
series2_144_jpg.rf.5efc68c1fcfcb8aee48983dbb0a31ebb_plate_0.jpg,84د95343
series2_155_jpg.rf.0a6caf612c7a8f71e879397a82001427_plate_0.jpg,27ن87855
series2_174_jpg.rf.ab2ec176576a4f40a12e1f17adde9da1_plate_0.jpg,17ص22313
series2_181_jpg.rf.26b7cbc78b011c523a9c1bc37c57fe79_plate_0.jpg,17ب15643
series2_188_jpg.rf.b7d6515b4cddceea950f0870cc8e225a_plate_0.jpg,55ط34713
series2_18_jpg.rf.510f7c0daf743a50144758757f79b8ca_plate_0.jpg,26ص87867
series2_193_jpg.rf.343a3419bf9981179d1f13f05644e326_plate_0.jpg,93د69843
series2_202_jpg.rf.d97511650e66c5c2fceeed8ff95954d2_plate_0.jpg,68ص61256
series2_203_jpg.rf.ed8f6bffd7899a77fbb3d60b4ea5ba99_plate_0.jpg,68ص34674
series2_20_jpg.rf.02758e081c56985a0f035401e39cec67_plate_0.jpg,95ل84312
series2_212_jpg.rf.8ba8e28af9cdf646fd19dff8b21e9644_plate_0.jpg,83و44313
series2_215_png_jpg.rf.a4340a603d7ca63f9edb4c9116d476f5_plate_0.jpg,77ب72317
series2_217_jpg.rf.26319fc2442b4f8f4ca7c8d68362cffc_plate_0.jpg,83ج22692
series2_219_jpg.rf.e292dd95ea146518b9e2d2842a06240d_plate_0.jpg,59س89813
series2_221_jpg.rf.b9bc71d0e1976f0564fc02a37fac6dd8_plate_0.jpg,43ب56292
series2_222_png_jpg.rf.02f03389658683c818a11cfa8de012b3_plate_0.jpg,87ط25217
series2_232_jpg.rf.5c6a64cf883704bc19bb155e72d2c27b_plate_0.jpg,41ل88482
series2_23_jpg.rf.b9da0c24c62e12dd652e52e7c593ffcf_plate_0.jpg,39د75112
series2_243_png_jpg.rf.0214e78433cb97456631c30bc3b73846_plate_0.jpg,21ص91517
series2_249_jpg.rf.9610eb0c6095df06d5c9079693b84a46_plate_0.jpg,25ص57756
series2_249_png_jpg.rf.862742d16abb786ef718d3180161ce58_plate_0.jpg,79ص26617
series2_250_jpg.rf.39c749238e04a4790296301bccc68333_plate_0.jpg,25ص57756
series2_250_png_jpg.rf.6cf0ec650c29e8c8b4adffff50e42890_plate_0.jpg,48ج31417
series2_251_png_jpg.rf.fbb55be31d0e39789fe93d2da9bcf19d_plate_0.jpg,13د26317
series2_25_jpg.rf.c9aa315f059ccf6608a6b49b0ed2d16b_plate_0.jpg,59ل77212
series2_276_png_jpg.rf.060c8146900af5b826141cad08947122_plate_0.jpg,41د11517
series2_279_png_jpg.rf.3e460b2854ce31c7ced749010775a0d6_plate_0.jpg,21ب55317
series2_285_png_jpg.rf.3c366eb41499efd695f458092068f1fb_plate_0.jpg,59ق89820
series2_28_jpg.rf.8d9e36d0f9f029541acf5727e4e6eb04_plate_0.jpg,57م21811
series2_292_png_jpg.rf.83929a65be689dba2444de5dcf520994_plate_0.jpg,83ب39981
series2_294_png_jpg.rf.bd72d4a6b491b6f3b27a9bb3c86cfd94_plate_0.jpg,49ص78917
series2_296_png_jpg.rf.093d3296924aeedc29b982c77d8e711f_plate_0.jpg,91ص87517
series2_310_png_jpg.rf.f1058cf2ff4783365974fae45a189ed9_plate_0.jpg,82ق14620
series2_314_png_jpg.rf.2099bb1a93c4b5503f3e4f80520870a7_plate_0.jpg,23ص37117
series2_315_png_jpg.rf.44d2cbae3fe4e3aa3f6451d7d4e3f47b_plate_0.jpg,48ج31417
series2_320_png_jpg.rf.dbb02f7765bfb5aeac63c113426a7abb_plate_0.jpg,46د11617
series2_323_png_jpg.rf.2e346ed0477340e012480510b699ee39_plate_0.jpg,21م94317
series2_335_png_jpg.rf.697b08b7d26df5b14f1ae122395e7142_plate_0.jpg,34ی42522
series2_339_png_jpg.rf.e6ca080fc682073d9035ba06e01b92e3_plate_0.jpg,88ص87227
series2_375_png_jpg.rf.24eacd7e5a3bedaacac8572c5b897978_plate_0.jpg,71ق96917
series2_399_png_jpg.rf.5f14b2573ecc2cb11722e7b3cc075aa7_plate_0.jpg,12ج25917
series2_42_jpg.rf.dc3e2de5c456e79c1968e0f6d7566ef3_plate_0.jpg,86و25755
series2_43_jpg.rf.5b1cc7f7a5a7e39d2dc95f96cfd2269e_plate_0.jpg,76س35782
series2_470_png_jpg.rf.df4498a4384feef535813587fe33b317_plate_0.jpg,56ط58817
series2_478_png_jpg.rf.438e799a97184aa0e574a290982e5747_plate_0.jpg,88ن28117
series2_486_png_jpg.rf.5299efee258c9a1ea7500d90efd8adde_plate_0.jpg,48ل64217
series2_499_png_jpg.rf.a74dbc65603aa26b45b4c34c31e86983_plate_0.jpg,82د66817
series2_51_jpg.rf.5e865fe676461c53326ffe7c9a87bd64_plate_0.jpg,84ب42113
series2_71_jpg.rf.6df0096c75c8ca20af24526ab7a176af_plate_0.jpg,12د54953
series2_7_jpg.rf.a2ed27fbd90764e04be2f87882f6ebe8_plate_0.jpg,28ج95922
series2_81_jpg.rf.16b6190aeddb2d0e41893900b60de9b0_plate_0.jpg,18و44253
series2_8_jpg.rf.2f9aaf78a6e95e04f4c04c4806472520_plate_0.jpg,72ط12313
series2_96_jpg.rf.006a3e3b104ff4afebaee896ff1bb559_plate_0.jpg,55د63213
series2_image--19-_jpg.rf.233ca5f6fdff0b78aef250696e739420_plate_0.jpg,12ق92111
series2_image--34-_jpg.rf.c0a1698978f251a2fd1f5b44483bdeac_plate_0.jpg,44د78411
series2_image--35-_jpg.rf.e274a4557d2bd66869159b412db66392_plate_0.jpg,45ن18511
series2_image--38-_jpg.rf.bfa92618deb9a72a3d14a4d03228a15e_plate_0.jpg,83ه47310
series2_image--53-_jpg.rf.d34597e48f34eb2efc07bb60e7074795_plate_0.jpg,33ب81277
series2_image--68-_jpg.rf.0b6ed4315385b540985ce2e433ecc0e9_plate_0.jpg,68م82977
series2_image--70-_jpg.rf.b88e3c05381e718b2a735176766b5ece_plate_0.jpg,64ی13522
series2_image--8-_jpg.rf.54499fbd8e1e0bdae16229c20672b01a_plate_0.jpg,11س75233
series2_photo_3950-20-06-2020_14-09-12_jpg.rf.f3e03685ee04a62f94360390738f2b11_plate_0.jpg,77ی47510
series2_photo_3951-20-06-2020_14-09-13_jpg.rf.ce9ecdb292bb3cd495ecf692e76fca02_plate_0.jpg,91ج49166
series2_photo_3965-20-06-2020_14-09-26_jpg.rf.a2ccfa160806117e78c064b02ea2d21e_plate_0.jpg,81ت99522
series2_photo_4038-20-06-2020_14-13-58_jpg.rf.c5092800b431c79c7dfcea5a8f347940_plate_0.jpg,32ج32499
series2_photo_4047-20-06-2020_14-14-04_jpg.rf.e2d3ac63c5a59d1c1892199869ff3be5_plate_0.jpg,77ی47510
series2_photo_4052-20-06-2020_14-14-06_jpg.rf.3217f3398f895b0991383914de0e729a_plate_0.jpg,11م72722
series2_photo_4065-20-06-2020_14-23-08_jpg.rf.4a880a4d1f5c06198a62670a0e0bf444_plate_0.jpg,34ب51499
series2_photo_4068-20-06-2020_14-23-10_jpg.rf.ae168fc524c0c418b4e8154923efb950_plate_0.jpg,76ط65310
series2_photo_4096-20-06-2020_14-46-23_jpg.rf.8778f06ce5bda87d61e147805a0d72d1_plate_0.jpg,75و16255
series2_photo_4125-20-06-2020_14-46-39_jpg.rf.b28e4a6ab6c303caf82cd4da1d9f0757_plate_0.jpg,61ط26155
series3_107_jpg.rf.8b301fd04cb2f4080cb6e760445cdf5a_plate_0.jpg,79د15756
series3_113_jpg.rf.6cd5202ed3eaaaa8f274b54a6fd55b66_plate_0.jpg,71ت13268
series3_131_jpg.rf.a50761088461d039be9187f0cea771e5_plate_0.jpg,44م44144
series3_138_jpg.rf.caf4f01b8e5914136448757e121d6389_plate_0.jpg,18ق26744
series3_156_jpg.rf.71080035bbd37d4f4e81cea1043b6285_plate_0.jpg,27ن87855
series3_177_jpg.rf.c399320d6c093e1490e756ceeaf0fec5_plate_0.jpg,34ی11738
series3_208_jpg.rf.0af76e638e34de2f0b60e37ab919f274_plate_0.jpg,34م16646
series3_249_jpg.rf.60fed1e1bd8544d5af1c6e25f94c234a_plate_0.jpg,25ص57756
series3_260_jpg.rf.a35207ef4f17e588b357ba372e6d1d2a_plate_0.jpg,32و39725
series3_262_jpg.rf.97ccd9ac0f81fd4b3b0767de261f3608_plate_0.jpg,77ل71582
series3_263_jpg.rf.c6d2abe3dfe034749df2ee08db985838_plate_0.jpg,77ل71582
series3_31_jpg.rf.87f8716303adaa53884023571dda4f63_plate_0.jpg,55م94882
series3_70_jpg.rf.6cd2a3ea81f521bf7e37c1dc7001e6ec_plate_0.jpg,94ع99285
series3_79_jpg.rf.50c5100d4be1edda098d2b13095eb92e_plate_0.jpg,71د32475
series3_95_jpg.rf.6c8781e02f62ac00f42456066e647c5e_plate_0.jpg,34و73816
series3_98_jpg.rf.946d805e1826443992a9eac8d908aff0_plate_0.jpg,85ی67268
